<?xml version='1.0' encoding='utf-8'?>
<!DOCTYPE hibernate-configuration PUBLIC
        "-//Hibernate/Hibernate Configuration DTD 3.0//EN"
        "http://hibernate.sourceforge.net/hibernate-configuration-3.0.dtd">

<hibernate-configuration>

    <session-factory>

        <!-- Database connection settings -->
        <property name="connection.driver_class">com.mysql.cj.jdbc.Driver</property>
        <property name="connection.url">jdbc:mysql://localhost:3306/FlyAway</property>
        <property name="connection.username">root</property>
        <property name="connection.password">Mkku@123</property>


        <!-- SQL dialect -->
        <property name="dialect">org.hibernate.dialect.MySQL8Dialect</property>

        <!-- Echo all executed SQL to stdout -->
        <property name="show_sql">true</property>

        <!-- Create table if doesn't exist else Update the table -->
        <property name="hbm2ddl.auto">update</property>

        <mapping class="com.model.User"/>
        <mapping class="com.model.Flights"/>
        

    </session-factory>

</hibernate-configuration>

